No,N,E,O,A,C
2014012212,2.0,2.0,1.0,3.0,2.0
2014012216,1.0,3.0,3.0,2.0,3.0
2014012426,3.0,2.0,2.0,3.0,2.0
2014013215,1.0,2.0,3.0,2.0,2.0
2014013318,2.0,2.0,3.0,2.0,3.0
2014013324,3.0,2.0,2.0,3.0,2.0
2014013420,2.0,3.0,2.0,3.0,3.0
2014014103,3.0,3.0,3.0,2.0,2.0
2014014105,3.0,2.0,3.0,2.0,2.0
2014016207,2.0,2.0,3.0,1.0,2.0
2014016414,1.0,2.0,3.0,2.0,3.0
2014022211,2.0,2.0,1.0,3.0,2.0
2014022414,1.0,3.0,3.0,3.0,3.0
2014023216,2.0,3.0,3.0,3.0,3.0
2014023409,3.0,2.0,2.0,2.0,2.0
2014023604,2.0,3.0,2.0,3.0,3.0
2014023623,3.0,3.0,1.0,3.0,3.0
2014024120,2.0,3.0,2.0,3.0,3.0
2014024203,2.0,2.0,1.0,3.0,3.0
2014024218,2.0,2.0,2.0,1.0,2.0
2014024219,2.0,2.0,2.0,2.0,3.0
2014025210,3.0,3.0,2.0,2.0,1.0
2014025227,2.0,3.0,3.0,3.0,3.0
2014026102,1.0,3.0,3.0,2.0,3.0
2014026224,1.0,3.0,3.0,1.0,3.0
2014031109,3.0,1.0,1.0,1.0,1.0
2014031229,2.0,2.0,2.0,3.0,2.0
2014033228,2.0,1.0,3.0,3.0,3.0
2014034225,3.0,1.0,2.0,2.0,3.0
2014034226,2.0,2.0,2.0,2.0,2.0
2014037209,2.0,2.0,2.0,3.0,3.0
2014037211,3.0,1.0,1.0,2.0,2.0
2014037215,3.0,3.0,2.0,3.0,1.0
2014039110,2.0,3.0,1.0,3.0,3.0
2014039215,2.0,2.0,1.0,2.0,3.0
2014041117,1.0,3.0,3.0,1.0,2.0
2014041208,2.0,3.0,3.0,3.0,2.0
2014041218,2.0,2.0,2.0,2.0,2.0
2014043102,3.0,2.0,2.0,3.0,2.0
2014043117,2.0,2.0,2.0,3.0,2.0
2014043119,1.0,2.0,1.0,3.0,2.0
2014053103,3.0,1.0,1.0,3.0,2.0
2014053124,2.0,3.0,3.0,3.0,3.0
2014053212,2.0,2.0,2.0,2.0,2.0
2014053227,1.0,3.0,3.0,1.0,2.0
2014053229,2.0,2.0,1.0,3.0,3.0
2014061126,2.0,3.0,3.0,1.0,1.0
2014062116,3.0,2.0,3.0,2.0,1.0
2014062323,1.0,3.0,3.0,2.0,3.0
2014063102,2.0,3.0,3.0,3.0,3.0
2014063109,2.0,3.0,2.0,3.0,3.0
2014063218,2.0,2.0,2.0,2.0,2.0
2014064204,2.0,3.0,2.0,3.0,2.0
2014064226,1.0,3.0,3.0,3.0,3.0
2014081101,3.0,2.0,2.0,3.0,2.0
2014081116,3.0,2.0,2.0,2.0,2.0
2014081121,3.0,3.0,2.0,1.0,2.0
2014081221,1.0,3.0,2.0,1.0,3.0
2014081309,3.0,1.0,2.0,2.0,3.0
2014081315,1.0,3.0,3.0,3.0,3.0
2014081605,1.0,2.0,1.0,3.0,3.0
2014081617,2.0,2.0,2.0,2.0,2.0
2014082301,3.0,1.0,2.0,2.0,1.0
2014082327,1.0,2.0,3.0,1.0,2.0
2014082401,3.0,3.0,2.0,3.0,3.0
2014082427,3.0,1.0,2.0,1.0,2.0
2014083110,1.0,3.0,3.0,3.0,2.0
2014083122,3.0,1.0,3.0,2.0,2.0
2014083201,2.0,2.0,1.0,3.0,2.0
2014083306,3.0,2.0,2.0,2.0,1.0
2014083322,2.0,3.0,3.0,2.0,3.0
2014091211,3.0,2.0,3.0,3.0,2.0
2014093105,3.0,2.0,2.0,2.0,1.0
2014095101,3.0,2.0,1.0,3.0,2.0
2014095111,3.0,2.0,3.0,3.0,2.0
2014095112,1.0,2.0,2.0,2.0,3.0
2014095113,2.0,3.0,3.0,2.0,3.0
2014095118,3.0,3.0,2.0,2.0,2.0
2014095123,2.0,2.0,2.0,2.0,2.0
2014095209,3.0,1.0,2.0,3.0,1.0
2014111322,3.0,2.0,2.0,2.0,1.0
2014111422,3.0,3.0,2.0,1.0,2.0
2014112110,2.0,3.0,2.0,1.0,1.0
2014112119,3.0,2.0,2.0,2.0,1.0
2014112127,2.0,1.0,2.0,2.0,2.0
2014112229,2.0,2.0,2.0,2.0,3.0
2014112322,2.0,2.0,3.0,3.0,2.0
2014114221,3.0,3.0,3.0,2.0,3.0
2014121206,2.0,3.0,2.0,3.0,3.0
2014121320,3.0,1.0,2.0,3.0,2.0
2014122115,2.0,2.0,3.0,2.0,1.0
2014122213,1.0,1.0,1.0,3.0,1.0
2014124119,1.0,3.0,3.0,2.0,3.0
2014124124,2.0,1.0,2.0,3.0,2.0
2014125115,1.0,3.0,3.0,2.0,3.0
2014125325,3.0,3.0,3.0,2.0,2.0
2014131110,3.0,1.0,1.0,3.0,1.0
2014131118,2.0,3.0,3.0,3.0,3.0
2014131418,2.0,2.0,2.0,2.0,3.0
2014132103,2.0,2.0,1.0,3.0,2.0
2014132106,2.0,2.0,2.0,2.0,1.0
2014132207,2.0,2.0,2.0,3.0,2.0
2014136203,3.0,1.0,1.0,2.0,3.0
2014136302,3.0,3.0,3.0,3.0,3.0
2014136308,2.0,3.0,3.0,3.0,3.0
2014142124,1.0,2.0,2.0,3.0,1.0
2014142218,3.0,3.0,3.0,2.0,3.0
2014146216,3.0,2.0,2.0,1.0,1.0
2014146229,3.0,3.0,3.0,2.0,3.0
2014151109,2.0,2.0,2.0,3.0,2.0
2014151305,2.0,3.0,2.0,2.0,3.0
2014151310,2.0,3.0,2.0,3.0,2.0
2014151318,3.0,2.0,2.0,3.0,2.0
2014151329,2.0,3.0,2.0,2.0,3.0
2014155104,3.0,2.0,2.0,2.0,3.0
2014155123,3.0,3.0,3.0,3.0,2.0
2014155422,3.0,2.0,3.0,2.0,2.0
2014250010,2.0,2.0,2.0,2.0,2.0
2014250016,2.0,3.0,2.0,2.0,2.0
2014250023,2.0,3.0,2.0,2.0,2.0
2014250035,3.0,1.0,1.0,3.0,2.0
2014250047,2.0,3.0,2.0,3.0,3.0
2014250228,2.0,2.0,2.0,2.0,2.0
2014250436,1.0,3.0,3.0,1.0,3.0
2014250528,1.0,3.0,3.0,2.0,3.0
2014250618,2.0,3.0,3.0,2.0,3.0
2014250736,3.0,2.0,2.0,2.0,2.0
2014250902,2.0,2.0,2.0,3.0,3.0
2014250923,2.0,2.0,3.0,1.0,2.0
2014250929,2.0,2.0,2.0,3.0,1.0
2014250943,2.0,2.0,2.0,3.0,3.0
2015012105,1.0,2.0,3.0,2.0,2.0
2015012106,2.0,2.0,2.0,1.0,2.0
2015012121,3.0,2.0,2.0,2.0,2.0
2015012129,3.0,2.0,3.0,3.0,3.0
2015012201,3.0,3.0,3.0,2.0,2.0
2015012313,2.0,2.0,3.0,2.0,2.0
2015012319,2.0,2.0,3.0,3.0,3.0
2015013108,1.0,2.0,2.0,3.0,3.0
2015013112,3.0,2.0,1.0,3.0,2.0
2015013114,2.0,3.0,3.0,3.0,3.0
2015013123,2.0,2.0,2.0,3.0,3.0
2015013124,2.0,3.0,3.0,1.0,3.0
2015013204,3.0,2.0,3.0,2.0,2.0
2015013208,3.0,3.0,3.0,3.0,2.0
2015013217,3.0,3.0,3.0,2.0,3.0
2015013304,1.0,3.0,2.0,2.0,3.0
2015013401,1.0,2.0,2.0,3.0,2.0
2015013404,2.0,1.0,3.0,1.0,1.0
2015013422,3.0,3.0,3.0,3.0,3.0
2015014110,2.0,3.0,3.0,3.0,3.0
2015014111,3.0,2.0,3.0,3.0,3.0
2015014117,2.0,3.0,2.0,3.0,3.0
2015015116,2.0,3.0,3.0,3.0,2.0
2015015118,3.0,3.0,3.0,2.0,2.0
2015015208,2.0,2.0,3.0,2.0,3.0
2015015214,3.0,2.0,1.0,2.0,1.0
2015016106,3.0,3.0,3.0,2.0,2.0
2015016111,3.0,2.0,2.0,3.0,1.0
2015016207,1.0,2.0,1.0,2.0,3.0
2015016310,3.0,3.0,2.0,3.0,2.0
2015016411,2.0,2.0,2.0,2.0,2.0
2015016412,2.0,2.0,2.0,2.0,2.0
2015017106,3.0,3.0,2.0,2.0,3.0
2015017123,2.0,2.0,2.0,3.0,3.0
2015017125,2.0,3.0,2.0,3.0,2.0
2015017210,2.0,2.0,2.0,2.0,2.0
2015022103,3.0,3.0,2.0,1.0,1.0
2015022301,2.0,3.0,3.0,1.0,2.0
2015022406,3.0,1.0,2.0,3.0,2.0
2015022425,3.0,3.0,3.0,3.0,1.0
2015022429,3.0,1.0,1.0,2.0,2.0
2015023204,2.0,3.0,3.0,2.0,3.0
2015023211,2.0,3.0,3.0,2.0,2.0
2015023222,3.0,2.0,2.0,2.0,1.0
2015023301,2.0,3.0,2.0,3.0,3.0
2015023404,1.0,2.0,3.0,2.0,3.0
2015023405,3.0,1.0,2.0,3.0,2.0
2015023509,2.0,1.0,2.0,3.0,2.0
2015023609,1.0,3.0,2.0,3.0,3.0
2015024109,3.0,2.0,2.0,3.0,3.0
2015024110,2.0,3.0,2.0,3.0,3.0
2015024117,3.0,1.0,3.0,3.0,3.0
2015024128,3.0,1.0,3.0,3.0,3.0
2015024202,3.0,2.0,2.0,2.0,2.0
2015024207,3.0,2.0,2.0,2.0,2.0
2015025128,1.0,3.0,2.0,2.0,3.0
2015031103,2.0,3.0,3.0,2.0,3.0
2015031123,3.0,3.0,2.0,3.0,2.0
2015031126,2.0,2.0,1.0,2.0,2.0
2015031214,3.0,1.0,1.0,3.0,2.0
2015031215,1.0,3.0,3.0,2.0,3.0
2015031227,2.0,3.0,3.0,2.0,3.0
2015034121,2.0,2.0,2.0,2.0,3.0
2015034201,1.0,2.0,3.0,2.0,1.0
2015035128,2.0,2.0,2.0,2.0,2.0
2015035204,2.0,3.0,3.0,3.0,2.0
2015035232,2.0,2.0,1.0,1.0,3.0
2015037101,2.0,3.0,3.0,3.0,3.0
2015037104,1.0,2.0,1.0,3.0,3.0
2015037113,3.0,2.0,2.0,3.0,2.0
2015037213,3.0,2.0,2.0,3.0,2.0
2015037224,2.0,3.0,2.0,3.0,2.0
2015039114,1.0,3.0,2.0,3.0,3.0
2015039123,1.0,2.0,3.0,2.0,3.0
2015039203,2.0,3.0,2.0,2.0,2.0
2015039226,3.0,2.0,1.0,2.0,2.0
2015039227,2.0,3.0,3.0,3.0,3.0
2015041118,2.0,1.0,3.0,3.0,2.0
2015041321,2.0,3.0,2.0,2.0,2.0
2015041406,2.0,2.0,2.0,2.0,3.0
2015041407,3.0,2.0,3.0,3.0,1.0
2015042122,2.0,3.0,3.0,2.0,3.0
2015042206,3.0,3.0,2.0,2.0,2.0
2015042210,2.0,3.0,2.0,2.0,2.0
2015042211,1.0,2.0,1.0,3.0,2.0
2015042213,3.0,2.0,2.0,2.0,2.0
2015042221,3.0,2.0,2.0,3.0,2.0
2015042408,2.0,3.0,3.0,2.0,3.0
2015042412,1.0,1.0,1.0,2.0,3.0
2015042425,3.0,3.0,3.0,3.0,2.0
2015043104,2.0,3.0,3.0,3.0,3.0
2015043105,2.0,2.0,2.0,3.0,3.0
2015052119,2.0,3.0,2.0,3.0,3.0
2015052121,1.0,2.0,2.0,3.0,3.0
2015053108,2.0,3.0,2.0,3.0,3.0
2015053119,3.0,2.0,2.0,2.0,1.0
2015053225,1.0,2.0,3.0,1.0,3.0
2015061210,2.0,2.0,3.0,1.0,2.0
2015061222,2.0,2.0,2.0,3.0,2.0
2015062105,1.0,3.0,3.0,2.0,2.0
2015062119,2.0,3.0,2.0,3.0,3.0
2015062122,1.0,2.0,2.0,2.0,2.0
2015062123,3.0,2.0,1.0,2.0,1.0
2015062126,2.0,3.0,3.0,2.0,3.0
2015062202,2.0,3.0,3.0,2.0,3.0
2015062211,2.0,2.0,3.0,3.0,3.0
2015062306,2.0,3.0,1.0,2.0,3.0
2015062315,2.0,2.0,2.0,3.0,1.0
2015062316,3.0,1.0,2.0,2.0,1.0
2015062321,2.0,3.0,3.0,1.0,1.0
2015064103,2.0,3.0,2.0,3.0,3.0
2015064109,3.0,2.0,3.0,2.0,2.0
2015064116,3.0,3.0,3.0,3.0,2.0
2015064117,2.0,2.0,2.0,2.0,2.0
2015064120,3.0,2.0,3.0,1.0,1.0
2015064122,2.0,3.0,3.0,3.0,2.0
2015064126,3.0,2.0,2.0,3.0,2.0
2015064127,2.0,3.0,3.0,2.0,3.0
2015064201,1.0,3.0,3.0,3.0,3.0
2015064202,1.0,3.0,2.0,3.0,3.0
2015064213,2.0,3.0,3.0,1.0,2.0
2015064216,1.0,2.0,3.0,2.0,3.0
2015064226,3.0,3.0,2.0,3.0,3.0
2015081116,3.0,2.0,3.0,3.0,2.0
2015081207,2.0,2.0,2.0,1.0,2.0
2015081223,3.0,2.0,2.0,1.0,3.0
2015081303,2.0,2.0,3.0,3.0,3.0
2015081504,3.0,2.0,2.0,3.0,2.0
2015081615,3.0,1.0,1.0,2.0,3.0
2015082102,2.0,2.0,2.0,3.0,3.0
2015082105,1.0,3.0,2.0,3.0,3.0
2015082121,2.0,3.0,2.0,2.0,3.0
2015082402,2.0,2.0,2.0,2.0,2.0
2015082403,2.0,1.0,2.0,1.0,3.0
2015082416,2.0,3.0,3.0,3.0,2.0
2015083217,2.0,1.0,1.0,2.0,2.0
2015083425,1.0,3.0,1.0,2.0,3.0
2015091110,2.0,1.0,2.0,3.0,3.0
2015091119,3.0,2.0,1.0,1.0,3.0
2015091201,2.0,3.0,3.0,3.0,3.0
2015091203,2.0,3.0,3.0,2.0,2.0
2015091207,2.0,3.0,2.0,3.0,1.0
2015091216,3.0,2.0,3.0,2.0,2.0
2015091218,2.0,1.0,2.0,3.0,2.0
2015093106,2.0,3.0,2.0,3.0,3.0
2015093207,3.0,2.0,3.0,1.0,2.0
2015093216,2.0,1.0,2.0,2.0,3.0
2015094112,3.0,3.0,3.0,2.0,2.0
2015096102,3.0,2.0,3.0,2.0,1.0
2015096118,3.0,2.0,2.0,2.0,2.0
2015111113,3.0,1.0,1.0,3.0,2.0
2015111216,2.0,2.0,2.0,2.0,2.0
2015111226,1.0,2.0,3.0,3.0,3.0
2015111305,3.0,2.0,2.0,2.0,3.0
2015111323,3.0,2.0,3.0,3.0,2.0
2015111327,1.0,3.0,3.0,3.0,2.0
2015112105,1.0,3.0,3.0,3.0,3.0
2015112203,2.0,3.0,3.0,2.0,3.0
2015112218,1.0,3.0,3.0,3.0,3.0
2015112304,2.0,3.0,2.0,3.0,3.0
2015112305,3.0,1.0,1.0,1.0,1.0
2015112309,3.0,2.0,2.0,3.0,2.0
2015112325,2.0,3.0,3.0,3.0,2.0
2015114102,2.0,3.0,1.0,3.0,2.0
2015114113,3.0,2.0,3.0,2.0,2.0
2015114125,3.0,2.0,2.0,2.0,2.0
2015114201,2.0,3.0,2.0,2.0,2.0
2015114202,3.0,3.0,3.0,2.0,3.0
2015121119,2.0,2.0,3.0,3.0,3.0
2015121124,2.0,2.0,3.0,3.0,2.0
2015121131,2.0,2.0,1.0,2.0,2.0
2015122107,3.0,3.0,2.0,3.0,1.0
2015122202,1.0,3.0,3.0,2.0,3.0
2015122210,3.0,2.0,3.0,1.0,3.0
2015122216,3.0,2.0,2.0,3.0,2.0
2015122217,1.0,2.0,2.0,3.0,2.0
2015122222,2.0,1.0,2.0,3.0,2.0
2015122224,3.0,2.0,1.0,2.0,1.0
2015124101,3.0,2.0,1.0,1.0,1.0
2015124108,2.0,2.0,1.0,3.0,2.0
2015124113,2.0,1.0,2.0,1.0,2.0
2015124130,2.0,3.0,3.0,3.0,2.0
2015124204,2.0,3.0,2.0,2.0,2.0
2015124214,3.0,1.0,3.0,3.0,1.0
2015124301,2.0,3.0,3.0,3.0,2.0
2015124305,2.0,2.0,2.0,3.0,3.0
2015124310,2.0,1.0,2.0,3.0,2.0
2015124315,3.0,1.0,3.0,1.0,2.0
2015124323,1.0,3.0,3.0,3.0,2.0
2015124326,3.0,2.0,2.0,2.0,3.0
2015124417,2.0,1.0,3.0,2.0,3.0
2015125111,2.0,1.0,3.0,2.0,3.0
2015125123,3.0,2.0,2.0,2.0,2.0
2015125224,2.0,3.0,2.0,3.0,2.0
2015125226,2.0,3.0,3.0,3.0,3.0
2015125314,3.0,2.0,2.0,2.0,2.0
2015131101,2.0,2.0,2.0,3.0,2.0
2015131105,3.0,2.0,2.0,2.0,1.0
2015131120,3.0,1.0,1.0,2.0,2.0
2015131233,3.0,1.0,1.0,2.0,1.0
2015131327,1.0,2.0,2.0,3.0,3.0
2015131405,3.0,1.0,2.0,1.0,1.0
2015131518,3.0,2.0,3.0,1.0,1.0
2015131527,3.0,2.0,1.0,1.0,3.0
2015132114,2.0,2.0,2.0,1.0,3.0
2015132119,1.0,1.0,3.0,2.0,3.0
2015132131,3.0,2.0,1.0,2.0,1.0
2015132209,3.0,2.0,2.0,3.0,2.0
2015132225,2.0,3.0,3.0,3.0,2.0
2015136305,1.0,3.0,2.0,3.0,3.0
2015136311,3.0,1.0,2.0,3.0,2.0
2015136317,2.0,3.0,3.0,2.0,3.0
2015136404,2.0,3.0,3.0,3.0,3.0
2015136416,3.0,3.0,2.0,2.0,2.0
2015136428,2.0,3.0,3.0,2.0,3.0
2015136512,3.0,2.0,2.0,2.0,2.0
2015136516,3.0,2.0,3.0,3.0,1.0
2015136523,2.0,3.0,2.0,3.0,2.0
2015142101,2.0,2.0,1.0,2.0,3.0
2015142212,2.0,2.0,2.0,2.0,2.0
2015146103,1.0,3.0,3.0,3.0,3.0
2015146110,2.0,2.0,2.0,3.0,3.0
2015146115,3.0,2.0,3.0,2.0,2.0
2015146118,1.0,3.0,3.0,3.0,2.0
2015146122,2.0,2.0,2.0,2.0,3.0
2015146126,2.0,1.0,3.0,3.0,2.0
2015146226,3.0,1.0,1.0,2.0,1.0
2015146228,3.0,3.0,2.0,2.0,1.0
2015148104,2.0,3.0,3.0,2.0,3.0
2015148105,2.0,3.0,2.0,1.0,3.0
2015148118,2.0,3.0,3.0,1.0,3.0
2015148121,2.0,3.0,2.0,3.0,1.0
2015148123,2.0,3.0,3.0,3.0,2.0
2015148129,2.0,2.0,3.0,2.0,3.0
2015148207,2.0,1.0,2.0,2.0,2.0
2015151104,1.0,1.0,3.0,1.0,3.0
2015151122,2.0,2.0,1.0,3.0,3.0
2015151518,2.0,3.0,2.0,1.0,3.0
2015151520,2.0,2.0,3.0,3.0,2.0
2015151527,2.0,3.0,3.0,2.0,2.0
2015151628,3.0,1.0,2.0,2.0,2.0
2015155121,3.0,2.0,2.0,1.0,2.0
2015155215,2.0,3.0,1.0,3.0,2.0
2015155217,2.0,2.0,3.0,3.0,3.0
2015155222,2.0,2.0,3.0,2.0,2.0
2015171116,2.0,3.0,3.0,2.0,3.0
2015173125,2.0,3.0,3.0,3.0,2.0
2015173203,3.0,1.0,3.0,1.0,3.0
2015173204,1.0,3.0,3.0,3.0,2.0
2015173206,1.0,3.0,3.0,2.0,3.0
2015173222,2.0,3.0,2.0,2.0,2.0
2015250010,2.0,2.0,2.0,2.0,2.0
2015250105,3.0,3.0,3.0,1.0,2.0
2015250115,1.0,2.0,2.0,2.0,2.0
2015250127,2.0,1.0,2.0,2.0,3.0
2015250131,3.0,3.0,2.0,3.0,2.0
2015250216,2.0,3.0,3.0,3.0,2.0
2015250601,3.0,2.0,1.0,3.0,2.0
2015250826,3.0,1.0,2.0,2.0,2.0
2015250921,3.0,2.0,2.0,1.0,3.0
2015250930,2.0,3.0,3.0,1.0,3.0
2016012212,3.0,2.0,2.0,3.0,1.0
2016012216,2.0,2.0,3.0,3.0,2.0
2016012218,2.0,2.0,2.0,1.0,3.0
2016012224,3.0,3.0,3.0,3.0,3.0
2016012228,3.0,2.0,3.0,3.0,2.0
2016012304,2.0,3.0,2.0,3.0,3.0
2016012321,2.0,2.0,2.0,3.0,2.0
2016013101,3.0,1.0,1.0,3.0,1.0
2016013106,3.0,1.0,1.0,2.0,1.0
2016013116,1.0,3.0,3.0,3.0,3.0
2016013121,3.0,3.0,2.0,3.0,2.0
2016013228,2.0,2.0,3.0,2.0,2.0
2016013328,2.0,3.0,3.0,3.0,3.0
2016013409,3.0,2.0,3.0,2.0,1.0
2016014124,3.0,2.0,3.0,2.0,1.0
2016014126,2.0,2.0,2.0,2.0,3.0
2016014220,2.0,2.0,2.0,2.0,3.0
2016015114,3.0,2.0,2.0,3.0,2.0
2016015116,2.0,2.0,3.0,1.0,2.0
2016015121,2.0,2.0,3.0,2.0,3.0
2016015218,3.0,1.0,3.0,3.0,2.0
2016016102,2.0,2.0,2.0,3.0,3.0
2016016109,2.0,3.0,3.0,3.0,3.0
2016017112,3.0,3.0,2.0,3.0,3.0
2016017117,3.0,3.0,2.0,3.0,2.0
2016017125,2.0,3.0,2.0,2.0,2.0
2016017214,2.0,3.0,3.0,3.0,3.0
2016017219,2.0,2.0,2.0,3.0,2.0
2016022315,2.0,3.0,2.0,2.0,2.0
2016022318,3.0,3.0,2.0,2.0,3.0
2016022410,2.0,2.0,2.0,3.0,2.0
2016023113,3.0,2.0,2.0,2.0,2.0
2016023407,3.0,2.0,3.0,1.0,3.0
2016023425,3.0,2.0,2.0,3.0,2.0
2016023511,3.0,2.0,3.0,3.0,2.0
2016023512,3.0,3.0,2.0,2.0,2.0
2016023515,3.0,3.0,3.0,1.0,1.0
2016024116,2.0,3.0,3.0,3.0,3.0
2016024225,2.0,2.0,3.0,3.0,2.0
2016024232,3.0,3.0,3.0,3.0,2.0
2016025109,2.0,3.0,2.0,3.0,2.0
2016025220,2.0,2.0,3.0,1.0,2.0
2016026111,1.0,3.0,3.0,2.0,3.0
2016026125,3.0,2.0,2.0,3.0,3.0
2016031111,2.0,1.0,1.0,3.0,1.0
2016031112,3.0,1.0,1.0,2.0,2.0
2016031204,1.0,3.0,3.0,2.0,3.0
2016031205,2.0,1.0,2.0,2.0,2.0
2016031209,3.0,3.0,2.0,2.0,2.0
2016031211,2.0,2.0,2.0,3.0,2.0
2016031214,2.0,2.0,1.0,2.0,2.0
2016031216,3.0,2.0,2.0,3.0,3.0
2016033227,3.0,1.0,2.0,3.0,3.0
2016034105,2.0,2.0,2.0,3.0,3.0
2016034129,2.0,2.0,2.0,3.0,2.0
2016034214,3.0,2.0,2.0,3.0,1.0
2016034215,3.0,3.0,2.0,2.0,3.0
2016035113,2.0,3.0,3.0,3.0,2.0
2016035202,3.0,3.0,2.0,2.0,2.0
2016035211,1.0,3.0,3.0,3.0,3.0
2016035219,3.0,2.0,3.0,2.0,3.0
2016035221,2.0,3.0,2.0,3.0,3.0
2016035223,3.0,2.0,2.0,2.0,2.0
2016035224,3.0,2.0,2.0,3.0,3.0
2016035227,2.0,2.0,1.0,2.0,3.0
2016037104,2.0,1.0,1.0,2.0,3.0
2016037107,2.0,2.0,1.0,3.0,3.0
2016037116,1.0,2.0,1.0,2.0,3.0
2016037212,1.0,3.0,3.0,2.0,3.0
2016037216,3.0,2.0,3.0,2.0,3.0
2016037227,3.0,2.0,2.0,2.0,1.0
2016039121,2.0,2.0,1.0,3.0,3.0
2016039229,3.0,2.0,1.0,3.0,2.0
2016041112,3.0,1.0,1.0,1.0,1.0
2016041116,3.0,3.0,2.0,3.0,2.0
2016041120,1.0,3.0,3.0,2.0,3.0
2016041203,2.0,3.0,3.0,3.0,3.0
2016041211,3.0,2.0,3.0,1.0,1.0
2016041312,3.0,2.0,3.0,3.0,2.0
2016041325,3.0,1.0,2.0,1.0,1.0
2016041425,3.0,2.0,2.0,3.0,2.0
2016042410,3.0,3.0,1.0,3.0,3.0
2016043112,3.0,3.0,2.0,3.0,1.0
2016043113,2.0,2.0,1.0,1.0,3.0
2016043207,2.0,3.0,2.0,3.0,2.0
2016043211,2.0,2.0,2.0,3.0,2.0
2016043215,1.0,3.0,2.0,3.0,2.0
2016052201,3.0,2.0,2.0,3.0,2.0
2016052218,2.0,2.0,3.0,2.0,1.0
2016053108,1.0,3.0,3.0,3.0,3.0
2016053212,3.0,1.0,2.0,2.0,1.0
2016061106,3.0,2.0,2.0,2.0,2.0
2016061110,3.0,2.0,2.0,2.0,2.0
2016061120,3.0,2.0,3.0,1.0,2.0
2016061127,3.0,3.0,3.0,3.0,1.0
2016061222,3.0,1.0,3.0,2.0,3.0
2016061228,3.0,1.0,2.0,2.0,1.0
2016062111,3.0,2.0,2.0,1.0,3.0
2016062209,2.0,2.0,2.0,3.0,3.0
2016062212,3.0,1.0,1.0,2.0,1.0
2016062218,1.0,1.0,2.0,3.0,3.0
2016062222,3.0,3.0,3.0,2.0,1.0
2016062309,3.0,3.0,3.0,3.0,3.0
2016062314,2.0,3.0,3.0,2.0,2.0
2016062315,3.0,3.0,2.0,1.0,1.0
2016063118,2.0,2.0,3.0,2.0,3.0
2016063121,2.0,3.0,2.0,3.0,3.0
2016063126,3.0,2.0,2.0,2.0,2.0
2016063206,2.0,3.0,3.0,3.0,3.0
2016063208,2.0,3.0,2.0,3.0,2.0
2016063209,1.0,3.0,3.0,3.0,3.0
2016063223,2.0,1.0,2.0,2.0,2.0
2016064110,2.0,3.0,3.0,3.0,2.0
2016064114,2.0,3.0,2.0,2.0,2.0
2016064116,1.0,3.0,3.0,2.0,2.0
2016064125,3.0,1.0,1.0,3.0,3.0
2016064214,2.0,1.0,3.0,1.0,2.0
2016064221,2.0,3.0,3.0,2.0,3.0
2016081103,3.0,2.0,3.0,3.0,2.0
2016081120,3.0,2.0,2.0,2.0,3.0
2016081205,2.0,2.0,2.0,3.0,2.0
2016081220,2.0,3.0,1.0,3.0,3.0
2016081301,3.0,1.0,2.0,2.0,3.0
2016081303,2.0,3.0,2.0,1.0,1.0
2016081306,3.0,1.0,2.0,2.0,2.0
2016081309,2.0,3.0,3.0,2.0,2.0
2016081620,3.0,2.0,1.0,2.0,1.0
2016082104,2.0,3.0,2.0,2.0,3.0
2016082307,2.0,1.0,1.0,2.0,2.0
2016082308,3.0,1.0,3.0,3.0,2.0
2016082411,2.0,2.0,2.0,1.0,2.0
2016083119,2.0,3.0,2.0,2.0,3.0
2016083123,2.0,1.0,1.0,1.0,2.0
2016083203,2.0,1.0,2.0,1.0,2.0
2016083209,3.0,3.0,2.0,3.0,1.0
2016083308,1.0,3.0,3.0,2.0,2.0
2016083323,2.0,3.0,2.0,2.0,3.0
2016083420,2.0,2.0,3.0,2.0,3.0
2016091103,2.0,3.0,2.0,3.0,2.0
2016091109,2.0,3.0,2.0,3.0,2.0
2016091111,2.0,3.0,3.0,3.0,2.0
2016091213,1.0,2.0,3.0,3.0,1.0
2016091215,2.0,1.0,1.0,3.0,2.0
2016093112,2.0,2.0,3.0,1.0,2.0
2016093121,1.0,3.0,3.0,3.0,3.0
2016093313,2.0,1.0,2.0,2.0,3.0
2016093314,2.0,2.0,3.0,2.0,3.0
2016093321,2.0,2.0,2.0,1.0,1.0
2016094108,1.0,3.0,3.0,3.0,3.0
2016094124,3.0,1.0,2.0,2.0,2.0
2016096108,2.0,2.0,3.0,3.0,3.0
2016111127,3.0,2.0,1.0,1.0,1.0
2016111422,3.0,3.0,2.0,1.0,1.0
2016112125,1.0,3.0,2.0,3.0,3.0
2016112215,1.0,3.0,3.0,3.0,2.0
2016112216,1.0,3.0,3.0,3.0,2.0
2016112217,3.0,2.0,2.0,3.0,3.0
2016112228,2.0,3.0,2.0,2.0,2.0
2016112304,3.0,2.0,1.0,2.0,2.0
2016112327,2.0,2.0,2.0,3.0,3.0
2016114117,3.0,1.0,1.0,2.0,2.0
2016121113,2.0,2.0,2.0,3.0,3.0
2016121121,3.0,2.0,1.0,3.0,3.0
2016121126,3.0,2.0,2.0,2.0,3.0
2016121131,3.0,3.0,2.0,2.0,1.0
2016121206,2.0,2.0,2.0,3.0,2.0
2016121301,3.0,2.0,3.0,3.0,1.0
2016121312,3.0,3.0,2.0,1.0,3.0
2016122103,3.0,2.0,3.0,2.0,2.0
2016122108,2.0,2.0,2.0,2.0,2.0
2016122122,3.0,3.0,1.0,2.0,2.0
2016122124,2.0,3.0,3.0,3.0,2.0
2016122127,3.0,3.0,3.0,2.0,3.0
2016122212,2.0,2.0,3.0,3.0,3.0
2016122222,3.0,3.0,3.0,2.0,2.0
2016124115,3.0,1.0,3.0,3.0,1.0
2016124211,1.0,3.0,2.0,2.0,3.0
2016124218,3.0,2.0,2.0,3.0,1.0
2016124303,2.0,2.0,2.0,3.0,2.0
2016124320,2.0,3.0,2.0,3.0,3.0
2016124321,2.0,3.0,2.0,3.0,3.0
2016124401,3.0,3.0,3.0,1.0,3.0
2016125204,3.0,1.0,1.0,2.0,1.0
2016125206,3.0,2.0,2.0,2.0,1.0
2016125221,2.0,2.0,2.0,3.0,1.0
2016125320,2.0,2.0,3.0,3.0,3.0
2016125325,2.0,3.0,3.0,1.0,2.0
2016131210,3.0,1.0,3.0,2.0,3.0
2016131311,2.0,3.0,3.0,3.0,3.0
2016131507,2.0,2.0,2.0,3.0,3.0
2016131602,2.0,3.0,3.0,3.0,3.0
2016132203,2.0,3.0,2.0,1.0,3.0
2016132213,1.0,2.0,3.0,3.0,3.0
2016136121,2.0,2.0,3.0,2.0,3.0
2016136135,1.0,3.0,3.0,3.0,3.0
2016136209,2.0,1.0,1.0,3.0,2.0
2016136303,1.0,2.0,3.0,2.0,2.0
2016136319,2.0,3.0,2.0,2.0,2.0
2016136327,2.0,3.0,1.0,2.0,2.0
2016136415,3.0,1.0,1.0,2.0,2.0
2016136421,3.0,3.0,2.0,2.0,2.0
2016136502,2.0,2.0,2.0,2.0,2.0
2016136508,3.0,1.0,2.0,3.0,3.0
2016136509,2.0,3.0,2.0,3.0,3.0
2016136525,1.0,2.0,2.0,2.0,2.0
2016136610,3.0,2.0,2.0,2.0,3.0
2016136620,1.0,3.0,2.0,2.0,1.0
2016142107,2.0,3.0,2.0,3.0,2.0
2016142222,2.0,2.0,2.0,3.0,3.0
2016146104,3.0,3.0,2.0,3.0,3.0
2016146114,2.0,1.0,3.0,3.0,3.0
2016146116,3.0,3.0,3.0,2.0,1.0
2016146119,3.0,2.0,2.0,3.0,2.0
2016146122,1.0,3.0,2.0,3.0,3.0
2016146125,2.0,2.0,2.0,3.0,2.0
2016146127,3.0,1.0,3.0,2.0,2.0
2016146217,3.0,1.0,1.0,2.0,2.0
2016148123,3.0,2.0,3.0,1.0,3.0
2016148129,2.0,1.0,2.0,1.0,3.0
2016148206,2.0,3.0,3.0,2.0,3.0
2016148211,2.0,1.0,2.0,2.0,3.0
2016148213,3.0,2.0,3.0,2.0,2.0
2016151202,2.0,3.0,2.0,3.0,2.0
2016151203,3.0,3.0,3.0,3.0,1.0
2016151205,3.0,1.0,2.0,3.0,1.0
2016151206,3.0,2.0,2.0,2.0,2.0
2016151217,3.0,2.0,3.0,3.0,1.0
2016151220,2.0,3.0,2.0,2.0,2.0
2016151221,3.0,1.0,2.0,2.0,2.0
2016151320,1.0,3.0,3.0,3.0,3.0
2016151409,3.0,2.0,2.0,2.0,2.0
2016151414,1.0,3.0,3.0,3.0,1.0
2016151417,2.0,3.0,3.0,3.0,2.0
2016151516,2.0,3.0,2.0,1.0,1.0
2016151524,2.0,3.0,2.0,2.0,2.0
2016151525,2.0,3.0,3.0,3.0,2.0
2016151526,1.0,2.0,2.0,2.0,3.0
2016151616,2.0,3.0,3.0,2.0,3.0
2016151621,3.0,3.0,2.0,2.0,3.0
2016155102,3.0,2.0,1.0,2.0,2.0
2016155211,2.0,3.0,2.0,2.0,2.0
2016171101,3.0,3.0,2.0,2.0,2.0
2016171126,3.0,2.0,2.0,3.0,2.0
2016171128,2.0,2.0,1.0,1.0,1.0
2016173104,2.0,2.0,2.0,3.0,1.0
2016173221,3.0,3.0,3.0,2.0,1.0
2016175210,3.0,2.0,2.0,2.0,2.0
2016175219,2.0,1.0,2.0,3.0,2.0
2016175231,1.0,3.0,2.0,3.0,2.0
2016250232,1.0,3.0,2.0,3.0,2.0
2016250306,1.0,3.0,3.0,3.0,1.0
2016250533,2.0,1.0,1.0,3.0,2.0
2016250535,1.0,3.0,3.0,2.0,3.0
2016250612,2.0,2.0,2.0,3.0,3.0
2016250634,1.0,1.0,1.0,2.0,3.0
2016250822,3.0,3.0,2.0,3.0,1.0
2016250910,2.0,2.0,2.0,1.0,3.0
2016250925,3.0,2.0,2.0,2.0,2.0
2016251006,2.0,3.0,2.0,2.0,2.0
2016251017,3.0,1.0,1.0,2.0,1.0
2016251019,2.0,1.0,3.0,1.0,3.0
2016251104,3.0,3.0,2.0,3.0,1.0
2016251109,3.0,1.0,1.0,2.0,1.0
2016251118,3.0,1.0,2.0,3.0,3.0
2016251324,2.0,1.0,2.0,3.0,3.0
